source,target,weight
Indosiar,vidio,16
arifsidy,vidio,11
herisantiko,vidio,9
xzibit017,vidio,8
anggpermadi,vidio,6
sepupu_ozil,vidio,5
RichartVolx,vidio,5
rizzk_aa,itsmeninaaja,5
recentaely,vidio,5
PMskk15,vidio,4
ininawawi,vidio,4
marsiogroup,vidio,4
neynyak31589,vidio,4
neynyak31589,SCTV,4
bhulukhuduktv,vidio,4
vidio,arifsidy,4
sfbima,vidio,4
MadPandazx,vidio,4
intoxicatae,vidio,4
itsmeninaaja,vidio,4
rizzk_aa,ael_kelapa,4
itsmeninaaja,SCTV,4
anyrsxv,vidio,4
dewaunitedfc_,vidio,4
waahyun,vidio,4
Bluebliblo,vidio,4
itsmeninaaja,randompanaland,4
itsmeninaaja,panal_stream,4
rizzk_aa,randompanaland,4
rizzk_aa,panal_stream,4
rizzk_aa,divyagrn,4
rizzk_aa,vidio,4
rizzk_aa,SCTV,4
SCTV,vidio,4
itsmeninaaja,ael_kelapa,4
itsmeninaaja,divyagrn,4
Indosiar,indosiar,4
WhisnuWiranata,vidio,4
irfannurhakim,vidio,4
GanisRamadhan14,vidio,4
Annisasugest,vidio,4
cakkadull,vidio,4
Rocky2197,vidio,3
cakkadull,darwizzly,3
txtdarioren,vidio,3
gyulfc,vidio,3
mblnk,BadmintonTalk,3
xjhpp,vidio,3
gyulfc,cakkadull,3
ardian_mp,vidio,3
mibnuy,vidio,3
nengdarma,vidio,3
DefVl06,vidio,3
Adhirizkyputra,vidio,3
iwakopocyag,vidio,3
fk_hap,vidio,3
vidio,waahyun,3
rizzk_aa,AulyaUma,3
nanadrakidalu,vidio,3
WhisnuWiranata,Telkomsel,3
itsmeninaaja,rizzk_aa,3
harunal_rasyid_,vidio,3
itsmeninaaja,AulyaUma,3
Biskuattikan,vidio,3
mblnk,vidio,3
CineManiaXX,visionplusid,3
alfianto_ian,vidio,3
vidio,anggpermadi,3
ibungdian,vidio,3
andryn170403,vidio,3
JCIndonesia,vidio,3
followIndoPr0,vidio,3
YoShahel,vidio,3
titootito,vidio,2
vidio,anyrsxv,2
vidio,iwakopocyag,2
goesdut,vidio,2
herisantiko,lilily08,2
herisantiko,liebeslieid,2
singgiihh,vidio,2
iniakuoway,vidio,2
onyourmarkllee,vidio,2
anaksholeh666,vidio,2
dewaunitedfc_,Indosiar,2
vidio,YoShahel,2
grafitiiix,vidio,2
tohirp1000,gopayindonesia,2
tohirp1000,vidio,2
vidio,DefVl06,2
dimas_okt,vidio,2
adlxxxx,vidio,2
kamalcha08,vidio,2
HardiFuazen,vidio,2
diazpradipta,vidio,2
seyay_,vidio,2
imunk_7,vidio,2
fariqrafael_,vidio,2
TheSouthers,vidio,2
DepropFH25,vidio,2
DepropFH25,yogisblitar,2
_rafi13,vidio,2
yogisblitar,vidio,2
indo_villans,vidio,2
pjmarbun,vidio,2
Trienk_03,vidio,2
Trienk_03,ardliyannrr,2
MilanUpdate,vidio,2
vidio,MadPandazx,2
dewaunitedfc_,majedsosman,2
gaadaapaapa123,IDGoonerscom,2
gaadaapaapa123,vidio,2
vidio,venusfireee,2
3vi02,vidio,2
aarifqiii,vidio,2
nulaipe,vidio,2
Aazi_,vidio,2
Telkomsel,waahyun,2
vidio,ininawawi,2
vidio,Bluebliblo,2
vidio,kuspoes,2
kuspoes,vidio,2
hmbhay,vidio,2
wotlly,vidio,2
NcSyarif,visionplusid,2
nasrulakbar,vidio,2
akusetatanpa_n,vidio,2
vidio,intoxicatae,2
vidio,marsiogroup,2
hsumantri00,realmadridindo1,2
ainulyaqinn,vidio,2
TheLilywhitesID,IndoSpurs,2
TheLilywhitesID,vidio,2
ainulyaqinn,bhulukhuduktv,2
vidio,AsyilaBakt19017,2
Ariandriano,vidio,2
vidio,dyingnsick,2
tyanoora,SCTV,2
3CareIndonesia,WhisnuWiranata,2
3CareIndonesia,vidio,2
3CareIndonesia,Telkomsel,2
vidio,xzibit017,2
WhisnuWiranata,3CareIndonesia,2
WhisnuWiranata,triindonesia,2
vidio,xtwoth,2
vidio,nanadrakidalu,2
vidio,mibnuy,2
AtikAti90342156,bhulukhuduktv,2
venusfireee,vidio,2
helmi__mr,vidio,2
vidio,recentaely,2
m_fahdayub,vidio,2
riocancerio,vidio,2
hemingcrynge,vidio,2
vidio,Biskuattikan,2
AtikAti90342156,vidio,2
arisaijaz,Telkomsel,2
arisaijaz,vidio,2
vidio,harunal_rasyid_,2
naa_bunnyy,vidio,2
jevonparikesit_,vidio,2
bingkisantuhan,vidio,2
yaudahiyaa,vidio,2
rhmdnrhuda,vidio,2
vidio,rhmdnrhuda,2
vidio,herisantiko,2
lilily08,vidio,2
liebeslieid,vidio,2
KABAR_CHELSEA,vidio,2
Nontoners,vidio,2
ayanahawa,vidio,2
setengahtirek,BadmintonTalk,2
setengahtirek,vidio,2
alfianto_ian,BadmintonTalk,2
madmoiselledrie,BayuSigma88,2
madmoiselledrie,bhulukhuduktv,2
madmoiselledrie,vidio,2
madmoiselledrie,VidioSports,2
grecynda_,vidio,2
grecynda_,BadmintonTalk,2
FauziHibras,inginuangbanyak,2
FauziHibras,KABAR_CHELSEA,2
FauziHibras,vidio,2
vidio,ardian_mp,2
muh_irfani17,vidio,2
REALSJWOO,vidio,2
vidio,khazardhy_,2
soursallyy12,vidio,2
kopralnyatenhag,visionplusid,2
prasetyo4869,BadmintonTalk,2
prasetyo4869,vidio,2
CineManiaXX,firzieidris,2
ElitVega20356,BadmintonTalk,2
ElitVega20356,vidio,2
CineManiaXX,DavidVilos,2
CineManiaXX,vidio,2
Telkomsel,vidio,2
waahyun,Telkomsel,2
Fraansss,vidio,2
Gusde_IBWU,vidio,2
needtyzyn,vidio,2
sfbima,DepropFH25,2
pwettyczeni,vidio,2
rinibagyo,vidio,2
Jeeyroo,BadmintonTalk,2
Jeeyroo,vidio,2
mblnk,AndikaBagaska18,2
kekey60507506,vidio,2
sweetbabyka,vidio,2
just_anomTok,vidio,2
Telkomsel,nasrulakbar,2
mstofa_,vidio,2
fr0steeXD,vidio,2
yudistiradit,vidio,2
pingingendutttt,vidio,2
pingingendutttt,justdebss,2
AnwarKhoirull,cakkadull,2
AnwarKhoirull,vidio,2
marigold_07,BadmintonTalk,2
Widya_skb,vidio,2
DefVl06,LavaniForever,2
radityaputra_,vidio,2
marigold_07,vidio,2
just_anomTok,nengdarma,2
Dodyharryy,vidio,2
rizatomawa,vidio,2
dn_fadillah,vidio,2
vidio,fk_hap,1
Dianrahmad_MD,vidio,1
mishimakazuyaaa,vidio,1
ragilwew,vidio,1
ginanjartamtomo,vidio,1
vidio,adipabloch7,1
adipabloch7,vidio,1
vidio,RichartVolx,1
tattock,Erlz_,1
tattock,vidio,1
vidio,awanpamungkas,1
awanpamungkas,vidio,1
vidio,ilhaammsy,1
vidio,Ariandriano,1
guardiamoavant,ganecamuslim,1
guardiamoavant,vidio,1
ganecamuslim,guardiamoavant,1
ganecamuslim,vidio,1
vidio,Dodyharryy,1
biasce,vidio,1
FadliMuhRizky,vidio,1
thecalmboii,vidio,1
reyshptr,vidio,1
reyshptr,wahjoewebee,1
__Raihan,vidio,1
nnnairb,vidio,1
NoAbsen13,Adhy1209,1
aiuaaaeaiaeiiui,vidio,1
vidio,cahyo_tris,1
vidio,sseungbinie,1
vidio,opinipatrik,1
tommyalexander,vidio,1
weemte,vidio,1
sipow,vidio,1
sofaharistiawan,vidio,1
SegooVix,idextratime,1
SegooVix,vidio,1
jaemlenyangz,vidio,1
Wait_ASec,hemingcrynge,1
Wait_ASec,vidio,1
masbryy,realmadridindo1,1
masbryy,vidio,1
aiuaaaeaiaeiiui,realmadridindo1,1
smokeeybbq,vidio,1
NoAbsen13,SeputarMadrid,1
NoAbsen13,vidio,1
indrasuwendi,vidio,1
vidio,hnfianto,1
albasbrothers,realmadridindo1,1
albasbrothers,vidio,1
vidio,SegooVix,1
itskaaa24,vidio,1
billydolmen,vidio,1
dmzdms,juvefcdotcom,1
dmzdms,DiMarzio,1
dmzdms,SkySport,1
dmzdms,vidio,1
vidio,azwardiacla,1
budicahyadi168,BadmintonTalk,1
kekey60507506,BadmintonTalk,1
masyazalav,BadmintonTalk,1
masyazalav,vidio,1
vidio,rinibagyo,1
dckydar,Hilihisasi,1
dckydar,hasyimmah,1
dckydar,vidio,1
itskaaa24,BadmintonTalk,1
rinibagyo,ZonaBulutangkis,1
Papayy42033770,BadmintonTalk,1
Papayy42033770,vidio,1
thvblueskyy,BadmintonTalk,1
thvblueskyy,vidio,1
TimiMycat,BadmintonTalk,1
TimiMycat,vidio,1
lintanglangit15,BadmintonTalk,1
Jeeyroo,ElitVega20356,1
SamsungLipatDua,BadmintonTalk,1
SamsungLipatDua,vidio,1
renandasher,BadmintonTalk,1
renandasher,vidio,1
lintanglangit15,vidio,1
mblnk,kwintall,1
Jeeyroo,renandasher,1
Arisjo,firzieidris,1
Arisjo,RuudBukanGullit,1
Arisjo,vidio,1
kopralnyatenhag,firzieidris,1
kopralnyatenhag,vidio,1
vidio,Lisanlbp,1
khazardhy_,vidio,1
vidio,dangalfaruq,1
firmanfjahja,MafiaWasit,1
firmanfjahja,vidio,1
officialSurya58,Info_SerieA,1
officialSurya58,vidio,1
vavavaisVey,Septiaan_Re,1
vavavaisVey,BadmintonTalk,1
vavavaisVey,vidio,1
arfan1978,VidioSports,1
AndikaBagaska18,vidio,1
whyndinda,lianitsme,1
whyndinda,bhulukhuduktv,1
whyndinda,vidio,1
whyndinda,VidioSports,1
prasetyo4869,ElitVega20356,1
umeeenzzz,vidio,1
firmanfjahja,KelvinMP_WWE,1
budicahyadi168,vidio,1
Hilihisasi,dckydar,1
Hilihisasi,hasyimmah,1
Hilihisasi,vidio,1
vidio,satansooya,1
ElitVega20356,prasetyo4869,1
AndikaBagaska18,mblnk,1
AndikaBagaska18,BadmintonTalk,1
vidio,pirringg,1
lemonadepn2123,Gegiar5,1
lemonadepn2123,bhulukhuduktv,1
muh_irfani17,MafiaWasit,1
nanojr17,KelvinMP_WWE,1
nanojr17,MafiaWasit,1
nanojr17,vidio,1
wei_youno,BadmintonTalk,1
mail_co_id,bhulukhuduktv,1
mail_co_id,vidio,1
mail_co_id,VidioSports,1
madmoiselledrie,InisialFsaja,1
REALSJWOO,MafiaWasit,1
aldimsyarif27,REALSJWOO,1
aldimsyarif27,MafiaWasit,1
aldimsyarif27,vidio,1
vidio,onyourmarkllee,1
soursallyy12,sctv,1
vidio,YosichaR,1
YosichaR,vidio,1
lemonadepn2123,vidio,1
lemonadepn2123,VidioSports,1
pirringg,vidio,1
pirringg,Pododonggirls,1
dangalfaruq,vidio,1
dahbhujug,bukanhoaxxx,1
dahbhujug,vidio,1
arfan1978,ginanjartamtomo,1
arfan1978,bhulukhuduktv,1
arfan1978,vidio,1
azwardiacla,Inter,1
azwardiacla,vidio,1
vidio,txtdarioren,1
oliberriannn,vidio,1
miaamalia24,TriyadiBondan,1
just_anonym883,TokopediaCare,1
just_anonym883,vidio,1
Rannayahh,thejurgenholic,1
rizsetiawibawa,vidio,1
vidio,PMskk15,1
yourmoera,vidio,1
Indorowo,BetaKopites,1
TriyadiBondan,vidio,1
vidio,rizatomawa,1
CalonImammu477,BadmintonTalk,1
CalonImammu477,vidio,1
BibiJoane,BetaKopites,1
BibiJoane,vidio,1
Febrian71885830,vidio,1
muh_irfani17,REALSJWOO,1
vidio,ginanjartamtomo,1
sasuka_chelsea,KABAR_CHELSEA,1
sasuka_chelsea,vidio,1
kalokalou13826,KABAR_CHELSEA,1
kalokalou13826,vidio,1
yourmoera,BadmintonTalk,1
wei_youno,vidio,1
REALSJWOO,aldimsyarif27,1
vidio,manggitgaris,1
manggitgaris,vidio,1
Febrian71885830,kaminarinafas,1
Febrian71885830,febhrian,1
Febrian71885830,GIBOLofficial,1
Febrian71885830,PSSI,1
miaamalia24,vidio,1
TriyadiBondan,BadmintonTalk,1
vidio,titootito,1
hidahidaan,BetaKopites,1
hidahidaan,vidio,1
oliberriannn,BetaKopites,1
vidio,nengdarma,1
teakabdul,bhulukhuduktv,1
asnianoy,BadmintonTalk,1
asnianoy,vidio,1
andriandjaya_,vidio,1
JaengelsYo79322,pakbudbugs,1
JaengelsYo79322,BadmintonTalk,1
JaengelsYo79322,vidio,1
andumberrr,bhulukhuduktv,1
miaamalia24,BadmintonTalk,1
vidio,grecynda_,1
ayiiSANTOSO,BadmintonTalk,1
ayiiSANTOSO,vidio,1
rizki_kaut18799,bhulukhuduktv,1
rizki_kaut18799,vidio,1
KABAR_CHELSEA,Vidio,1
22daris__,BadmintonTalk,1
22daris__,vidio,1
PMskk15,VidioSports,1
vidio,20051020_,1
20051020_,bhulukhuduktv,1
20051020_,vidio,1
vidio,mbuIiee,1
Yunita_Parandan,BadmintonTalk,1
Yunita_Parandan,vidio,1
vidio,Adhirizkyputra,1
wahjoewebee,utdfocusid,1
wahjoewebee,vidio,1
HardianVita,bhulukhuduktv,1
HardianVita,vidio,1
HardianVita,VidioSports,1
vidio,hellnoyea,1
hellnoyea,vidio,1
pensillicin,vidio,1
Indorowo,vidio,1
Tjel0up,BetaKopites,1
Tjel0up,vidio,1
BetaKopites,vidio,1
vidio,Septiaan_Re,1
Septiaan_Re,BadmintonTalk,1
Septiaan_Re,vidio,1
ayanahawa,BadmintonTalk,1
BadmintonTalk,vidio,1
mnc99_,BadmintonTalk,1
mnc99_,vidio,1
setengahtirek,alfianto_ian,1
tinywiw,BadmintonTalk,1
tinywiw,vidio,1
Ko_Halim,setengahtirek,1
Ko_Halim,BadmintonTalk,1
teakabdul,vidio,1
teakabdul,VidioSports,1
nengdarma,lilily08,1
nengdarma,bhulukhuduktv,1
nengdarma,VidioSports,1
AtikAti90342156,VidioSports,1
Ko_Halim,vidio,1
alfianto_ian,setengahtirek,1
vidio,fr0steeXD,1
rzkyekaputra,vidio,1
vidio,yudistiradit,1
vidio,justdebss,1
barzybar,vidio,1
vidio,AdiiHendra,1
MuhammadRafliB3,vidio,1
AdiiHendra,vidio,1
overcoat_damage,bhulukhuduktv,1
overcoat_damage,vidio,1
overcoat_damage,VidioSports,1
setiyonookejuga,KABAR_CHELSEA,1
sndarsmle,idextratime,1
sndarsmle,vidio,1
vidio,goesdut,1
vidio,mstofa_,1
lilily08,bhulukhuduktv,1
lilily08,VidioSports,1
minikevgidd,vidio,1
merseybois_,serkanst,1
merseybois_,gibbybaris,1
merseybois_,mojiupdates,1
lilily08,herisantiko,1
vidio,Rocky2197,1
merseybois_,vidio,1
kaktuskeren,KABAR_CHELSEA,1
kaktuskeren,vidio,1
vidio,liebeslieid,1
liebeslieid,bhulukhuduktv,1
liebeslieid,VidioSports,1
setiyonookejuga,vidio,1
vidio,lilily08,1
Ririn75305420,Muzammiel_,1
Ririn75305420,fikrira,1
Ririn75305420,vidio,1
hey_Indahh,vidio,1
vidio,fariqrafael_,1
vidio,txtbyurstruly,1
txtbyurstruly,vidio,1
yuditiahdwarman,MNCVision_TV,1
vidio,yaudahiyaa,1
yaudahiyaa,pelitajaya1987,1
vidio,fikrira,1
Muzammiel_,fikrira,1
Muzammiel_,vidio,1
vidio,hamishdw,1
harunal_rasyid_,volleyballidn,1
vidio,naa_bunnyy,1
vidio,barzybar,1
vidio,MuhammadRafliB3,1
vidio,maftuharjuna,1
maftuharjuna,vidio,1
luckyrouxy,vidio,1
jevonparikesit_,bosenprotes,1
vidio,jevonparikesit_,1
vidio,bingkisantuhan,1
SudiraThor,vidio,1
binblancos,vidio,1
vidio,ianSadeli_,1
ianSadeli_,vidio,1
bosenprotes,jevonparikesit_,1
bosenprotes,vidio,1
virtuousrascal,binblancos,1
virtuousrascal,vidio,1
just_anonym883,GrabID,1
just_anonym883,ShopeeID,1
nanadrakidalu,EllenAgustinaV1,1
vidio,singgiihh,1
vidio,morris_jeffri,1
morris_jeffri,vidio,1
morris_jeffri,VidioSports,1
wijatnaka_okky,vidio,1
vidio,uyy225,1
Nomorenoless6,thejurgenholic,1
Nomorenoless6,vidio,1
uyy225,bhulukhuduktv,1
uyy225,vidio,1
mbuIiee,vidio,1
just_anonym883,BNICustomerCare,1
just_anonym883,gojekindonesia,1
SKarna24,thejurgenholic,1
SKarna24,vidio,1
AtikAti90342156,sarister12,1
Rinie_moeet,BadmintonTalk,1
Rinie_moeet,vidio,1
Rannayahh,vidio,1
gamers_bima,thejurgenholic,1
gamers_bima,vidio,1
yuditiahdwarman,RCTIPlus,1
yuditiahdwarman,vidio,1
arisaijaz,visionplusid,1
arisaijaz,RCTIPlus,1
albenft,SCTV,1
albenft,Indosiar,1
albenft,vidio,1
albenft,OfficialRCTI,1
NOTASLIMBOY,vidio,1
vidio,portal_komplex,1
portal_komplex,NOTASLIMBOY,1
portal_komplex,vidio,1
bostoncelctics,vidio,1
AulyaUma,itsmeninaaja,1
AulyaUma,SCTV,1
AulyaUma,vidio,1
vidio,followIndoPr0,1
followIndoPr0,fikrira,1
momonnyamonica,myXL,1
momonnyamonica,vidio,1
vidio,BenjaminBanglor,1
soursallyy12,Nabilataqiyyah_,1
vidio,gypsionary,1
NOTASLIMBOY,portal_komplex,1
vidio,DannyRain1,1
vidio,johnLembong,1
justmeeeeeee6,ael_kelapa,1
justmeeeeeee6,SCTV,1
justmeeeeeee6,vidio,1
tyanoora,ael_kelapa,1
vidio,chairrr_,1
chairrr_,vidio,1
vidio,hey_Indahh,1
hey_Indahh,volleyballidn,1
hey_Indahh,mojiupdates,1
tyanoora,vidio,1
pikhalyopudryk,idextratime,1
pikhalyopudryk,vidio,1
blues_idn,vidio,1
soursallyy12,SCTV,1
NcSyarif,vidio,1
igandasoebrata,visionplusid,1
albenft,Official_MNCTV,1
albenft,visionplusid,1
MrsChan_park,vidio,1
yuditiahdwarman,MNCVisionID,1
yuditiahdwarman,Official_MNCTV,1
puleunyojeong,SCTV,1
Irhamni95,MiamiHEAT,1
NicolaFonsecaa,vidio,1
rizsetiawibawa,VidioSports,1
Dddd1900d,vidio,1
Dddd1900d,visionplusid,1
FransLambut,visionplusid,1
FransLambut,DivHumas_Polri,1
FransLambut,vidio,1
KangAsepr,vidio,1
RichartVolx,YLKI_ID,1
hrjcats,vidio,1
igandasoebrata,vidio,1
vidio,Irhamni95,1
vidio,radityaputra_,1
Irhamni95,vidio,1
Irhamni95,celtics,1
AulyaUma,divyagrn,1
AulyaUma,ael_kelapa,1
AulyaUma,panal_stream,1
AulyaUma,randompanaland,1
vidio,JpuDXtWEFn47102,1
puleunyojeong,ael_kelapa,1
akusetatanpa_n,ahasyari_inet,1
RahmatZubaidi,vidio,1
winnywin20,INABadminton,1
sunnyuna_,Nadyaaja___,1
sunnyuna_,SCTV,1
sunnyuna_,vidio,1
Harymaguire12,bhulukhuduktv,1
Harymaguire12,vidio,1
vidio,RusdyKikiong,1
vidio,_rafi13,1
panjatsosialyuk,vidio,1
panjatsosialyuk,INABadminton,1
vidio,pwettyczeni,1
GianGorga,thejurgenholic,1
GianGorga,FCBarcelona,1
GianGorga,bliblidotcom,1
winnywin20,bhulukhuduktv,1
winnywin20,vidio,1
GianGorga,vidio,1
vidio,helmi__mr,1
3CareIndonesia,triindonesia,1
vidio,andrienja,1
andrienja,Indosiar,1
andrienja,agnezmo,1
Harymaguire12,INABadminton,1
panjatsosialyuk,bhulukhuduktv,1
puleunyojeong,vidio,1
AulyaUma,rizzk_aa,1
andrienja,vidio,1
vidio,Reka_cyril,1
Reka_cyril,IndosatCare,1
Reka_cyril,indosat,1
Reka_cyril,indosatim3,1
Reka_cyril,vidio,1
vidio,sepupu_ozil,1
vidio,riocancerio,1
farhanlontong,SCTV,1
vidio,irfannurhakim,1
indah_syafitri1,vidio,1
indah_syafitri1,SCTV,1
vidio,naminrise,1
vidio,ibungdian,1
IDGoonerscom,vidio,1
vidio,sfbima,1
vidio,Shonywahyu11,1
vidio,diazpradipta,1
bramayudha,WatchmenID,1
bramayudha,vidio,1
vidio,guecantikfixx,1
guecantikfixx,vidio,1
Shonywahyu11,IDGoonerscom,1
Shonywahyu11,vidio,1
vidio,Bangomaan,1
vidio,wndaji_,1
vidio,needtyzyn,1
vidio,wayahnaaaa,1
wayahnaaaa,IDGoonerscom,1
wayahnaaaa,vidio,1
Bangomaan,vidio,1
vidio,yogisblitar,1
wndaji_,vidio,1
RusdyKikiong,dimas_okt,1
RusdyKikiong,vidio,1
vidio,GanisRamadhan14,1
vidio,DepropFH25,1
gaadaapaapa123,Shonywahyu11,1
pjmarbun,idextratime,1
AryaYdha_,dicka_postman,1
AryaYdha_,vidio,1
vidio,bilonk,1
vidio,EvenOfDay23,1
EvenOfDay23,vidio,1
MMIICCKYY,vidio,1
vidio,anaisbleuette,1
vidio,dimas_okt,1
vidio,adlxxxx,1
vidio,4alif,1
4alif,vidio,1
vidio,foiegrasbrioche,1
budsonmeds,vidio,1
budsonmeds,areepysf,1
Mas_Alkaff_,vidio,1
vidio,setia_agung12,1
vidio,vidiosports,1
setia_agung12,vidio,1
ayanahawa,BadmintonLive1,1
vidio,teapmo,1
mingkempin,dimas_okt,1
mingkempin,vidio,1
GanisRamadhan14,dimas_okt,1
duhpusing,vidio,1
duhpusing,persib,1
duhpusing,riphanpradipta,1
duhpusing,ardynshufi,1
duhpusing,simamaung,1
duhpusing,officialvpc,1
farhanlontong,vidio,1
foiegrasbrioche,vidio,1
jooanney,vidio,1
Rizallzzz,vidio,1
sandymp17,vidio,1
cinguk48,vidio,1
vidio,tigaatmojo,1
tigaatmojo,vidio,1
naminrise,vidio,1
vidio,tohirp1000,1
Gooners_Report,vidio,1
bangbengreza,vidio,1
bangbengreza,netrasamsara,1
SHadromy,vidio,1
genzed,vidio,1
genzed,JCIndonesia,1
TavriD,vidio,1
sonijabluk,vidio,1
Deektra,vidio,1
EllenAgustinaV1,vidio,1
kamalcha08,ahasyari_inet,1
ahasyari_inet,vidio,1
EMAGE07,vidio,1
xxalmirangrhn,vidio,1
vidio,Widya_skb,1
widhi_rino,vidio,1
anaisbleuette,vidio,1
inisialfr,vidio,1
vidio,ikan_kerapu,1
aand_tjg,JCIndonesia,1
aand_tjg,beINSPORTSid,1
aand_tjg,vidio,1
aand_tjg,pradipta_ale,1
vidio,arisaijaz,1
bilonk,vidio,1
vidio,dicka_postman,1
dicka_postman,vidio,1
tjahyo07,vidio,1
tjahyo07,realmadrid,1
vidio,toleeeee,1
toleeeee,vidio,1
afdal_1,vidio,1
vidio,eriksonnn_,1
eriksilalahii,vidio,1
vidio,Galih_RN29,1
Galih_RN29,vidio,1
JhonySagara,Indo_Gunner,1
JhonySagara,vidio,1
vidio,luthfimzhr,1
luthfimzhr,vidio,1
holidunnn,vidio,1
itshnfrs,vidio,1
vidio,okemen__,1
okemen__,vidio,1
vidio,grafitiiix,1
vic_hasiholan,IDGoonerscom,1
vic_hasiholan,vidio,1
dewaunitedfc_,AhmadNufiandani,1
mitchieGG,JCIndonesia,1
mitchieGG,beINSPORTSid,1
mitchieGG,vidio,1
mitchieGG,pradipta_ale,1
vidio,Nevertoloser,1
Nevertoloser,vidio,1
vidio,FathurTube4,1
vidio,holidunnn,1
mray_1995,firzieidris,1
mray_1995,vidio,1
Fol1eadeux,Iwan404k,1
Fol1eadeux,idextratime,1
Fol1eadeux,vidio,1
vidio,Iwan404k,1
WCI_27,dagnesia,1
WCI_27,officialJKT48,1
Iwan404k,idextratime,1
Iwan404k,vidio,1
vidio,bagusmuhamd,1
bagusmuhamd,idextratime,1
bagusmuhamd,vidio,1
vidio,anaksholeh666,1
vidio,TheSouthers,1
vidio,leirarartup,1
TheSouthers,Indostransfer,1
leirarartup,vidio,1
vidio,wirabattana,1
wirabattana,vidio,1
vidio,jullianrp13,1
diarsipkan,vidio,1
bunayadarunawa,vidio,1
vidio,sbqux,1
sbqux,vidio,1
Mr_bagja,idextratime,1
Mr_bagja,OfficialRCTI,1
Mr_bagja,vidio,1
ardian_mp,SPOTV_Indonesia,1
andryn170403,SpieltagIndo,1
waffleheads,vidio,1
leonaldo_710,idextratime,1
menantuRT24,vidio,1
robertdenura,vidio,1
_call_me_ALI_,vidio,1
leonaldo_710,vidio,1
Indo_Gunner,JhonySagara,1
Indo_Gunner,vidio,1
inginuangbanyak,thejurgenholic,1
inginuangbanyak,bliblidotcom,1
JCIndonesia,_call_me_ALI_,1
_call_me_ALI_,JCIndonesia,1
gundala_geledek,vidio,1
nanascrispyy,vidio,1
dian_9395,vidio,1
BenjaminBanglor,vidio,1
irulrizal,vidio,1
langityangbiiru,vidio,1
JCIndonesia,agiananugraha,1
JCIndonesia,beINSPORTSid,1
SCTV,itsmekiui,1
dnrmzki,Indosiar,1
dnrmzki,vidio,1
WCI_27,Dsinathrya,1
vidio,bonk_taishou,1
xtwoth,vidio,1
WCI_27,SMASHindonesia,1
WCI_27,SCTV,1
WCI_27,mojiupdates,1
WCI_27,vidio,1
vidio,hmbhay,1
vidio,wotlly,1
vidio,txtofmylife,1
txtofmylife,vidio,1
wantooo__,vidio,1
itsrey__,DemonSlime21,1
judebellzy,pawrellll,1
judebellzy,vidio,1
judebellzy,VidioSports,1
hsumantri00,Greenesia27,1
hsumantri00,vidio,1
smokeeybbq,realmadridindo1,1
sebutsajalahyo,DemonSlime21,1
sebutsajalahyo,CityzensID,1
Zl9528047580989,DemonSlime21,1
Zl9528047580989,CityzensID,1
Zl9528047580989,vidio,1
wantooo__,Hendra_dzeko10,1
wantooo__,WatchmenID,1
wantooo__,KaijuNo8_O_EN,1
rizkionize,CityzensID,1
rizkionize,vidio,1
vidio,nulaipe,1
TheLilywhitesID,sokka_thfc,1
itsrey__,CityzensID,1
itsrey__,vidio,1
bhulukhuduktv,RyanFauzan12,1
bhulukhuduktv,Spotv_sports,1
inginuangbanyak,vidio,1
sokka_thfc,TheLilywhitesID,1
sokka_thfc,IndoSpurs,1
sokka_thfc,vidio,1
ade_setiono13,vidio,1
andryn170403,kdrama_menfess,1
sebutsajalahyo,vidio,1
rizkionize,DemonSlime21,1
day_thatsme,vidio,1
wan_iwann8,vidio,1
lovelymiloooo,vidio,1
lovelymiloooo,lilily08,1
masyoko,vidio,1
sittaazra,vidio,1
nungkiki,vidio,1
vidio,runbruhhh,1
nasrulakbar,Telkomsel,1
SamAmy_TheCant,tirta_cipeng,1
Chamelleon_,vidio,1
ordinaaaryy,nctzenbase,1
ordinaaaryy,vidio,1
NanangWisnu_,vidio,1
NanangWisnu_,sudahtidakbotak,1
minatagram37,vidio,1
_andikasa,tirta_cipeng,1
_andikasa,vidio,1
vidio,zefaryne,1
zefaryne,vidio,1
narajawa,dondipta93,1
narajawa,vidio,1
purharjo,AdjieSanPutro,1
purharjo,vidio,1
vidio,YAngesta96969,1
vidio,gedearys18,1
gedearys18,MilanUpdate,1
gedearys18,vidio,1
janiiii______,vidio,1
SamAmy_TheCant,vidio,1
mahrusugali,tirta_cipeng,1
mahrusugali,vidio,1
Julyana_ik,vidio,1
originryuna2,BadmintonTalk,1
originryuna2,vidio,1
kekey60507506,bhulukhuduktv,1
andriandjaya_,BadmintonTalk,1
diamondswanlake,BadmintonTalk,1
diamondswanlake,vidio,1
Jeeyroo,prasetyo4869,1
mistaeribox,vidio,1
mistaeribox,mstofa_,1
mistaeribox,salapoyo,1
andumberrr,vidio,1
pakbudbugs,BadmintonTalk,1
pakbudbugs,vidio,1
utdfocusid,vidio,1
Julyana_ik,BadmintonTalk,1
vidio,tattock,1
kamujauhdekat,IDGoonerscom,1
kamujauhdekat,vidio,1
Chamelleon_,DhitaHelvinda,1
Chamelleon_,nctzenbase,1
RizalBojesz,vidio,1
Jaenees1,vidio,1
daguan26,vidio,1
akuluthfi,vidio,1
ZapMav,msl1896,1
ZapMav,djaycoholyc,1
ZapMav,vidio,1
hemingcrynge,Wait_ASec,1
HotdinalSitang1,tattock,1
HotdinalSitang1,vidio,1
vidio,ArifRhmn33,1
